longitude,latitude,time,station,wmo_platform_code,T_25
degrees_east,degrees_north,UTC,,,degree_C
0.0,0.0,2015-05-23T12:00:00Z,0n0e,13010,27.89
0.0,0.0,2015-05-24T12:00:00Z,0n0e,13010,27.5
0.0,0.0,2015-05-25T12:00:00Z,0n0e,13010,27.44
0.0,0.0,2015-05-26T12:00:00Z,0n0e,13010,27.4
0.0,0.0,2015-05-27T12:00:00Z,0n0e,13010,27.66
0.0,0.0,2015-05-28T12:00:00Z,0n0e,13010,27.86
0.0,0.0,2015-05-29T12:00:00Z,0n0e,13010,27.66
0.0,0.0,2015-05-30T12:00:00Z,0n0e,13010,27.25
0.0,0.0,2015-05-31T12:00:00Z,0n0e,13010,26.61
350.0,0.0,2015-05-23T12:00:00Z,0n10w,15002,27.37
350.0,0.0,2015-05-24T12:00:00Z,0n10w,15002,27.26
350.0,0.0,2015-05-25T12:00:00Z,0n10w,15002,27.09
350.0,0.0,2015-05-26T12:00:00Z,0n10w,15002,26.92
350.0,0.0,2015-05-27T12:00:00Z,0n10w,15002,26.62
350.0,0.0,2015-05-28T12:00:00Z,0n10w,15002,26.25
350.0,0.0,2015-05-29T12:00:00Z,0n10w,15002,25.9
350.0,0.0,2015-05-30T12:00:00Z,0n10w,15002,25.32
350.0,0.0,2015-05-31T12:00:00Z,0n10w,15002,25.03
250.0,0.0,2015-05-23T12:00:00Z,0n110w,32323,27.28295
250.0,0.0,2015-05-24T12:00:00Z,0n110w,32323,27.329819
250.0,0.0,2015-05-25T12:00:00Z,0n110w,32323,27.310236
250.0,0.0,2015-05-26T12:00:00Z,0n110w,32323,27.079266
250.0,0.0,2015-05-27T12:00:00Z,0n110w,32323,27.065012
250.0,0.0,2015-05-28T12:00:00Z,0n110w,32323,26.99635
250.0,0.0,2015-05-29T12:00:00Z,0n110w,32323,27.092093
250.0,0.0,2015-05-30T12:00:00Z,0n110w,32323,27.199652
250.0,0.0,2015-05-31T12:00:00Z,0n110w,32323,27.22078
235.0,0.0,2015-05-23T12:00:00Z,0n125w,51011,27.994469
235.0,0.0,2015-05-24T12:00:00Z,0n125w,51011,28.01949
235.0,0.0,2015-05-25T12:00:00Z,0n125w,51011,28.105331
235.0,0.0,2015-05-26T12:00:00Z,0n125w,51011,27.962217
235.0,0.0,2015-05-27T12:00:00Z,0n125w,51011,27.926662
235.0,0.0,2015-05-28T12:00:00Z,0n125w,51011,27.891012
235.0,0.0,2015-05-29T12:00:00Z,0n125w,51011,27.798313
235.0,0.0,2015-05-30T12:00:00Z,0n125w,51011,27.677418
235.0,0.0,2015-05-31T12:00:00Z,0n125w,51011,27.645796
220.0,0.0,2015-05-23T12:00:00Z,0n140w,51311,28.279581
220.0,0.0,2015-05-24T12:00:00Z,0n140w,51311,28.421255
220.0,0.0,2015-05-25T12:00:00Z,0n140w,51311,28.475666
220.0,0.0,2015-05-26T12:00:00Z,0n140w,51311,28.604807
220.0,0.0,2015-05-27T12:00:00Z,0n140w,51311,28.717447
220.0,0.0,2015-05-28T12:00:00Z,0n140w,51311,28.587694
220.0,0.0,2015-05-29T12:00:00Z,0n140w,51311,28.521704
220.0,0.0,2015-05-30T12:00:00Z,0n140w,51311,28.495687
220.0,0.0,2015-05-31T12:00:00Z,0n140w,51311,28.593626
147.0,0.0,2015-05-23T12:00:00Z,0n147e,52318,29.85
147.0,0.0,2015-05-24T12:00:00Z,0n147e,52318,30.29
147.0,0.0,2015-05-25T12:00:00Z,0n147e,52318,30.2
147.0,0.0,2015-05-26T12:00:00Z,0n147e,52318,30.21
147.0,0.0,2015-05-27T12:00:00Z,0n147e,52318,30.02
147.0,0.0,2015-05-28T12:00:00Z,0n147e,52318,29.77
147.0,0.0,2015-05-29T12:00:00Z,0n147e,52318,29.77
147.0,0.0,2015-05-30T12:00:00Z,0n147e,52318,30.08
147.0,0.0,2015-05-31T12:00:00Z,0n147e,52318,30.05
205.0,0.0,2015-05-23T12:00:00Z,0n155w,51023,29.186565
205.0,0.0,2015-05-24T12:00:00Z,0n155w,51023,29.11403
205.0,0.0,2015-05-25T12:00:00Z,0n155w,51023,29.087803
205.0,0.0,2015-05-26T12:00:00Z,0n155w,51023,29.28044
205.0,0.0,2015-05-27T12:00:00Z,0n155w,51023,29.432644
205.0,0.0,2015-05-28T12:00:00Z,0n155w,51023,29.337238
205.0,0.0,2015-05-29T12:00:00Z,0n155w,51023,29.427158
205.0,0.0,2015-05-30T12:00:00Z,0n155w,51023,29.565502
205.0,0.0,2015-05-31T12:00:00Z,0n155w,51023,29.864147
156.0,0.0,2015-05-23T12:00:00Z,0n156e,52317,29.6
156.0,0.0,2015-05-24T12:00:00Z,0n156e,52317,29.74
156.0,0.0,2015-05-25T12:00:00Z,0n156e,52317,29.63
156.0,0.0,2015-05-26T12:00:00Z,0n156e,52317,29.58
156.0,0.0,2015-05-27T12:00:00Z,0n156e,52317,29.6
156.0,0.0,2015-05-28T12:00:00Z,0n156e,52317,29.79
156.0,0.0,2015-05-29T12:00:00Z,0n156e,52317,30.09
156.0,0.0,2015-05-30T12:00:00Z,0n156e,52317,30.1
156.0,0.0,2015-05-31T12:00:00Z,0n156e,52317,29.7
165.0,0.0,2015-05-23T12:00:00Z,0n165e,52321,29.827354
165.0,0.0,2015-05-24T12:00:00Z,0n165e,52321,29.774153
165.0,0.0,2015-05-25T12:00:00Z,0n165e,52321,29.881327
165.0,0.0,2015-05-26T12:00:00Z,0n165e,52321,29.86626
165.0,0.0,2015-05-27T12:00:00Z,0n165e,52321,29.876816
165.0,0.0,2015-05-28T12:00:00Z,0n165e,52321,30.16323
165.0,0.0,2015-05-29T12:00:00Z,0n165e,52321,29.873144
165.0,0.0,2015-05-30T12:00:00Z,0n165e,52321,29.865593
165.0,0.0,2015-05-31T12:00:00Z,0n165e,52321,29.917149
190.0,0.0,2015-05-23T12:00:00Z,0n170w,51010,NaN
190.0,0.0,2015-05-24T12:00:00Z,0n170w,51010,NaN
190.0,0.0,2015-05-25T12:00:00Z,0n170w,51010,NaN
190.0,0.0,2015-05-26T12:00:00Z,0n170w,51010,NaN
190.0,0.0,2015-05-27T12:00:00Z,0n170w,51010,NaN
190.0,0.0,2015-05-28T12:00:00Z,0n170w,51010,NaN
190.0,0.0,2015-05-29T12:00:00Z,0n170w,51010,NaN
190.0,0.0,2015-05-30T12:00:00Z,0n170w,51010,NaN
190.0,0.0,2015-05-31T12:00:00Z,0n170w,51010,NaN
180.0,0.0,2015-05-23T12:00:00Z,0n180w,52311,29.997112
180.0,0.0,2015-05-24T12:00:00Z,0n180w,52311,30.01917
180.0,0.0,2015-05-25T12:00:00Z,0n180w,52311,30.33264
180.0,0.0,2015-05-26T12:00:00Z,0n180w,52311,30.253174
180.0,0.0,2015-05-27T12:00:00Z,0n180w,52311,30.220518
180.0,0.0,2015-05-28T12:00:00Z,0n180w,52311,30.394106
180.0,0.0,2015-05-29T12:00:00Z,0n180w,52311,30.574533
180.0,0.0,2015-05-30T12:00:00Z,0n180w,52311,30.66242
180.0,0.0,2015-05-31T12:00:00Z,0n180w,52311,30.713934
337.0,0.0,2015-05-23T12:00:00Z,0n23w,31007,26.87
337.0,0.0,2015-05-24T12:00:00Z,0n23w,31007,26.76
337.0,0.0,2015-05-25T12:00:00Z,0n23w,31007,26.46
337.0,0.0,2015-05-26T12:00:00Z,0n23w,31007,26.2
337.0,0.0,2015-05-27T12:00:00Z,0n23w,31007,26.19
337.0,0.0,2015-05-28T12:00:00Z,0n23w,31007,26.11
337.0,0.0,2015-05-29T12:00:00Z,0n23w,31007,26.22
337.0,0.0,2015-05-30T12:00:00Z,0n23w,31007,26.15
337.0,0.0,2015-05-31T12:00:00Z,0n23w,31007,26.16
325.0,0.0,2015-05-23T12:00:00Z,0n35w,31001,27.77
325.0,0.0,2015-05-24T12:00:00Z,0n35w,31001,27.74
325.0,0.0,2015-05-25T12:00:00Z,0n35w,31001,27.73
325.0,0.0,2015-05-26T12:00:00Z,0n35w,31001,27.72
325.0,0.0,2015-05-27T12:00:00Z,0n35w,31001,27.75
325.0,0.0,2015-05-28T12:00:00Z,0n35w,31001,27.82
325.0,0.0,2015-05-29T12:00:00Z,0n35w,31001,27.72
325.0,0.0,2015-05-30T12:00:00Z,0n35w,31001,27.65
325.0,0.0,2015-05-31T12:00:00Z,0n35w,31001,27.58
67.0,0.0,2015-05-23T12:00:00Z,0n67e,23015,30.81
67.0,0.0,2015-05-24T12:00:00Z,0n67e,23015,30.83
67.0,0.0,2015-05-25T12:00:00Z,0n67e,23015,30.78
67.0,0.0,2015-05-26T12:00:00Z,0n67e,23015,30.77
67.0,0.0,2015-05-27T12:00:00Z,0n67e,23015,30.61
67.0,0.0,2015-05-28T12:00:00Z,0n67e,23015,30.48
67.0,0.0,2015-05-29T12:00:00Z,0n67e,23015,30.47
67.0,0.0,2015-05-30T12:00:00Z,0n67e,23015,30.42
67.0,0.0,2015-05-31T12:00:00Z,0n67e,23015,30.51
80.5,0.0,2015-05-23T12:00:00Z,0n80.5e,23001,29.97
80.5,0.0,2015-05-24T12:00:00Z,0n80.5e,23001,30.03
80.5,0.0,2015-05-25T12:00:00Z,0n80.5e,23001,30.11
80.5,0.0,2015-05-26T12:00:00Z,0n80.5e,23001,30.14
80.5,0.0,2015-05-27T12:00:00Z,0n80.5e,23001,29.99
80.5,0.0,2015-05-28T12:00:00Z,0n80.5e,23001,29.91
80.5,0.0,2015-05-29T12:00:00Z,0n80.5e,23001,30.05
80.5,0.0,2015-05-30T12:00:00Z,0n80.5e,23001,29.89
80.5,0.0,2015-05-31T12:00:00Z,0n80.5e,23001,29.76
90.0,0.0,2015-05-23T12:00:00Z,0n90e,23004,30.66
90.0,0.0,2015-05-24T12:00:00Z,0n90e,23004,30.17
90.0,0.0,2015-05-25T12:00:00Z,0n90e,23004,30.38
90.0,0.0,2015-05-26T12:00:00Z,0n90e,23004,30.26
90.0,0.0,2015-05-27T12:00:00Z,0n90e,23004,30.49
90.0,0.0,2015-05-28T12:00:00Z,0n90e,23004,30.49
90.0,0.0,2015-05-29T12:00:00Z,0n90e,23004,30.53
90.0,0.0,2015-05-30T12:00:00Z,0n90e,23004,30.57
90.0,0.0,2015-05-31T12:00:00Z,0n90e,23004,30.62
265.0,0.0,2015-05-23T12:00:00Z,0n95w,32321,27.2856
265.0,0.0,2015-05-24T12:00:00Z,0n95w,32321,27.073906
265.0,0.0,2015-05-25T12:00:00Z,0n95w,32321,26.597784
265.0,0.0,2015-05-26T12:00:00Z,0n95w,32321,26.071262
265.0,0.0,2015-05-27T12:00:00Z,0n95w,32321,25.91952
265.0,0.0,2015-05-28T12:00:00Z,0n95w,32321,25.76022
265.0,0.0,2015-05-29T12:00:00Z,0n95w,32321,25.768717
265.0,0.0,2015-05-30T12:00:00Z,0n95w,32321,25.815193
265.0,0.0,2015-05-31T12:00:00Z,0n95w,32321,26.133402
80.5,1.5,2015-05-23T12:00:00Z,1.5n80.5e,23002,NaN
80.5,1.5,2015-05-24T12:00:00Z,1.5n80.5e,23002,NaN
80.5,1.5,2015-05-25T12:00:00Z,1.5n80.5e,23002,NaN
80.5,1.5,2015-05-26T12:00:00Z,1.5n80.5e,23002,NaN
80.5,1.5,2015-05-27T12:00:00Z,1.5n80.5e,23002,NaN
80.5,1.5,2015-05-28T12:00:00Z,1.5n80.5e,23002,NaN
80.5,1.5,2015-05-29T12:00:00Z,1.5n80.5e,23002,NaN
80.5,1.5,2015-05-30T12:00:00Z,1.5n80.5e,23002,NaN
80.5,1.5,2015-05-31T12:00:00Z,1.5n80.5e,23002,NaN
90.0,1.5,2015-05-23T12:00:00Z,1.5n90e,23005,30.64
90.0,1.5,2015-05-24T12:00:00Z,1.5n90e,23005,30.44
90.0,1.5,2015-05-25T12:00:00Z,1.5n90e,23005,30.25
90.0,1.5,2015-05-26T12:00:00Z,1.5n90e,23005,30.25
90.0,1.5,2015-05-27T12:00:00Z,1.5n90e,23005,30.51
90.0,1.5,2015-05-28T12:00:00Z,1.5n90e,23005,30.52
90.0,1.5,2015-05-29T12:00:00Z,1.5n90e,23005,30.6
90.0,1.5,2015-05-30T12:00:00Z,1.5n90e,23005,30.8
90.0,1.5,2015-05-31T12:00:00Z,1.5n90e,23005,30.66
67.0,-1.5,2015-05-23T12:00:00Z,1.5s67e,NaN,31.01
67.0,-1.5,2015-05-24T12:00:00Z,1.5s67e,NaN,30.88
67.0,-1.5,2015-05-25T12:00:00Z,1.5s67e,NaN,30.89
67.0,-1.5,2015-05-26T12:00:00Z,1.5s67e,NaN,30.75
67.0,-1.5,2015-05-27T12:00:00Z,1.5s67e,NaN,30.75
67.0,-1.5,2015-05-28T12:00:00Z,1.5s67e,NaN,30.66
67.0,-1.5,2015-05-29T12:00:00Z,1.5s67e,NaN,30.49
67.0,-1.5,2015-05-30T12:00:00Z,1.5s67e,NaN,30.37
67.0,-1.5,2015-05-31T12:00:00Z,1.5s67e,NaN,30.47
80.5,-1.5,2015-05-23T12:00:00Z,1.5s80.5e,23003,30.1
80.5,-1.5,2015-05-24T12:00:00Z,1.5s80.5e,23003,30.14
80.5,-1.5,2015-05-25T12:00:00Z,1.5s80.5e,23003,30.13
80.5,-1.5,2015-05-26T12:00:00Z,1.5s80.5e,23003,30.48
80.5,-1.5,2015-05-27T12:00:00Z,1.5s80.5e,23003,30.18
80.5,-1.5,2015-05-28T12:00:00Z,1.5s80.5e,23003,30.05
80.5,-1.5,2015-05-29T12:00:00Z,1.5s80.5e,23003,30.33
80.5,-1.5,2015-05-30T12:00:00Z,1.5s80.5e,23003,29.99
80.5,-1.5,2015-05-31T12:00:00Z,1.5s80.5e,23003,29.86
90.0,-1.5,2015-05-23T12:00:00Z,1.5s90e,53057,30.15
90.0,-1.5,2015-05-24T12:00:00Z,1.5s90e,53057,30.03
90.0,-1.5,2015-05-25T12:00:00Z,1.5s90e,53057,30.27
90.0,-1.5,2015-05-26T12:00:00Z,1.5s90e,53057,30.27
90.0,-1.5,2015-05-27T12:00:00Z,1.5s90e,53057,30.28
90.0,-1.5,2015-05-28T12:00:00Z,1.5s90e,53057,30.27
90.0,-1.5,2015-05-29T12:00:00Z,1.5s90e,53057,30.34
90.0,-1.5,2015-05-30T12:00:00Z,1.5s90e,53057,30.09
90.0,-1.5,2015-05-31T12:00:00Z,1.5s90e,53057,30.35
350.0,-10.0,2015-05-23T12:00:00Z,10s10w,15001,26.63
350.0,-10.0,2015-05-24T12:00:00Z,10s10w,15001,26.56
350.0,-10.0,2015-05-25T12:00:00Z,10s10w,15001,26.51
350.0,-10.0,2015-05-26T12:00:00Z,10s10w,15001,26.46
350.0,-10.0,2015-05-27T12:00:00Z,10s10w,15001,26.43
350.0,-10.0,2015-05-28T12:00:00Z,10s10w,15001,26.38
350.0,-10.0,2015-05-29T12:00:00Z,10s10w,15001,26.34
350.0,-10.0,2015-05-30T12:00:00Z,10s10w,15001,26.3
350.0,-10.0,2015-05-31T12:00:00Z,10s10w,15001,26.23
337.0,12.0,2015-05-23T12:00:00Z,12n23w,13001,25.08
337.0,12.0,2015-05-24T12:00:00Z,12n23w,13001,24.96
337.0,12.0,2015-05-25T12:00:00Z,12n23w,13001,24.84
337.0,12.0,2015-05-26T12:00:00Z,12n23w,13001,24.71
337.0,12.0,2015-05-27T12:00:00Z,12n23w,13001,24.67
337.0,12.0,2015-05-28T12:00:00Z,12n23w,13001,24.67
337.0,12.0,2015-05-29T12:00:00Z,12n23w,13001,24.77
337.0,12.0,2015-05-30T12:00:00Z,12n23w,13001,24.74
337.0,12.0,2015-05-31T12:00:00Z,12n23w,13001,24.83
322.0,12.0,2015-05-23T12:00:00Z,12n38w,41026,NaN
322.0,12.0,2015-05-24T12:00:00Z,12n38w,41026,NaN
322.0,12.0,2015-05-25T12:00:00Z,12n38w,41026,NaN
322.0,12.0,2015-05-26T12:00:00Z,12n38w,41026,NaN
322.0,12.0,2015-05-27T12:00:00Z,12n38w,41026,NaN
322.0,12.0,2015-05-28T12:00:00Z,12n38w,41026,NaN
322.0,12.0,2015-05-29T12:00:00Z,12n38w,41026,NaN
322.0,12.0,2015-05-30T12:00:00Z,12n38w,41026,NaN
322.0,12.0,2015-05-31T12:00:00Z,12n38w,41026,NaN
90.0,12.0,2015-05-23T12:00:00Z,12n90e,23008,29.94
90.0,12.0,2015-05-24T12:00:00Z,12n90e,23008,29.72
90.0,12.0,2015-05-25T12:00:00Z,12n90e,23008,29.74
90.0,12.0,2015-05-26T12:00:00Z,12n90e,23008,29.68
90.0,12.0,2015-05-27T12:00:00Z,12n90e,23008,29.64
90.0,12.0,2015-05-28T12:00:00Z,12n90e,23008,29.69
90.0,12.0,2015-05-29T12:00:00Z,12n90e,23008,29.62
90.0,12.0,2015-05-30T12:00:00Z,12n90e,23008,29.63
90.0,12.0,2015-05-31T12:00:00Z,12n90e,23008,29.7
67.0,-12.0,2015-05-23T12:00:00Z,12s67e,14043,NaN
67.0,-12.0,2015-05-24T12:00:00Z,12s67e,14043,NaN
67.0,-12.0,2015-05-25T12:00:00Z,12s67e,14043,NaN
67.0,-12.0,2015-05-26T12:00:00Z,12s67e,14043,NaN
67.0,-12.0,2015-05-27T12:00:00Z,12s67e,14043,NaN
67.0,-12.0,2015-05-28T12:00:00Z,12s67e,14043,NaN
67.0,-12.0,2015-05-29T12:00:00Z,12s67e,14043,NaN
67.0,-12.0,2015-05-30T12:00:00Z,12s67e,14043,NaN
67.0,-12.0,2015-05-31T12:00:00Z,12s67e,14043,NaN
80.5,-12.0,2015-05-23T12:00:00Z,12s80.5e,53006,28.34
80.5,-12.0,2015-05-24T12:00:00Z,12s80.5e,53006,28.08
80.5,-12.0,2015-05-25T12:00:00Z,12s80.5e,53006,27.98
80.5,-12.0,2015-05-26T12:00:00Z,12s80.5e,53006,27.89
80.5,-12.0,2015-05-27T12:00:00Z,12s80.5e,53006,27.75
80.5,-12.0,2015-05-28T12:00:00Z,12s80.5e,53006,27.69
80.5,-12.0,2015-05-29T12:00:00Z,12s80.5e,53006,27.68
80.5,-12.0,2015-05-30T12:00:00Z,12s80.5e,53006,27.7
80.5,-12.0,2015-05-31T12:00:00Z,12s80.5e,53006,27.66
93.0,-12.0,2015-05-23T12:00:00Z,12s93e,53009,28.41
93.0,-12.0,2015-05-24T12:00:00Z,12s93e,53009,28.43
93.0,-12.0,2015-05-25T12:00:00Z,12s93e,53009,28.36
93.0,-12.0,2015-05-26T12:00:00Z,12s93e,53009,28.41
93.0,-12.0,2015-05-27T12:00:00Z,12s93e,53009,28.45
93.0,-12.0,2015-05-28T12:00:00Z,12s93e,53009,28.52
93.0,-12.0,2015-05-29T12:00:00Z,12s93e,53009,28.6
93.0,-12.0,2015-05-30T12:00:00Z,12s93e,53009,28.62
93.0,-12.0,2015-05-31T12:00:00Z,12s93e,53009,28.73
328.0,-14.0,2015-05-23T12:00:00Z,14s32w,31004,27.77
328.0,-14.0,2015-05-24T12:00:00Z,14s32w,31004,27.78
328.0,-14.0,2015-05-25T12:00:00Z,14s32w,31004,27.73
328.0,-14.0,2015-05-26T12:00:00Z,14s32w,31004,27.77
328.0,-14.0,2015-05-27T12:00:00Z,14s32w,31004,27.74
328.0,-14.0,2015-05-28T12:00:00Z,14s32w,31004,27.68
328.0,-14.0,2015-05-29T12:00:00Z,14s32w,31004,27.71
328.0,-14.0,2015-05-30T12:00:00Z,14s32w,31004,27.68
328.0,-14.0,2015-05-31T12:00:00Z,14s32w,31004,27.62
322.0,15.0,2015-05-23T12:00:00Z,15n38w,13008,23.85
322.0,15.0,2015-05-24T12:00:00Z,15n38w,13008,23.9
322.0,15.0,2015-05-25T12:00:00Z,15n38w,13008,23.92
322.0,15.0,2015-05-26T12:00:00Z,15n38w,13008,24.02
322.0,15.0,2015-05-27T12:00:00Z,15n38w,13008,24.11
322.0,15.0,2015-05-28T12:00:00Z,15n38w,13008,24.12
322.0,15.0,2015-05-29T12:00:00Z,15n38w,13008,24.13
322.0,15.0,2015-05-30T12:00:00Z,15n38w,13008,24.15
322.0,15.0,2015-05-31T12:00:00Z,15n38w,13008,24.18
90.0,15.0,2015-05-23T12:00:00Z,15n90e,23009,29.77
90.0,15.0,2015-05-24T12:00:00Z,15n90e,23009,29.68
90.0,15.0,2015-05-25T12:00:00Z,15n90e,23009,29.51
90.0,15.0,2015-05-26T12:00:00Z,15n90e,23009,29.54
90.0,15.0,2015-05-27T12:00:00Z,15n90e,23009,29.56
90.0,15.0,2015-05-28T12:00:00Z,15n90e,23009,29.69
90.0,15.0,2015-05-29T12:00:00Z,15n90e,23009,29.78
90.0,15.0,2015-05-30T12:00:00Z,15n90e,23009,30.01
90.0,15.0,2015-05-31T12:00:00Z,15n90e,23009,29.94
80.5,-16.0,2015-05-23T12:00:00Z,16s80.5e,56053,27.48
80.5,-16.0,2015-05-24T12:00:00Z,16s80.5e,56053,27.49
80.5,-16.0,2015-05-25T12:00:00Z,16s80.5e,56053,27.55
80.5,-16.0,2015-05-26T12:00:00Z,16s80.5e,56053,27.45
80.5,-16.0,2015-05-27T12:00:00Z,16s80.5e,56053,27.35
80.5,-16.0,2015-05-28T12:00:00Z,16s80.5e,56053,27.32
80.5,-16.0,2015-05-29T12:00:00Z,16s80.5e,56053,27.23
80.5,-16.0,2015-05-30T12:00:00Z,16s80.5e,56053,27.15
80.5,-16.0,2015-05-31T12:00:00Z,16s80.5e,56053,27.07
326.0,-19.0,2015-05-23T12:00:00Z,19s34w,31005,26.14
326.0,-19.0,2015-05-24T12:00:00Z,19s34w,31005,26.07
326.0,-19.0,2015-05-25T12:00:00Z,19s34w,31005,26.04
326.0,-19.0,2015-05-26T12:00:00Z,19s34w,31005,26.18
326.0,-19.0,2015-05-27T12:00:00Z,19s34w,31005,26.24
326.0,-19.0,2015-05-28T12:00:00Z,19s34w,31005,26.26
326.0,-19.0,2015-05-29T12:00:00Z,19s34w,31005,26.36
326.0,-19.0,2015-05-30T12:00:00Z,19s34w,31005,26.25
326.0,-19.0,2015-05-31T12:00:00Z,19s34w,31005,26.27
322.0,20.0,2015-05-23T12:00:00Z,20n38w,41139,24.02
322.0,20.0,2015-05-24T12:00:00Z,20n38w,41139,24.04
322.0,20.0,2015-05-25T12:00:00Z,20n38w,41139,24.06
322.0,20.0,2015-05-26T12:00:00Z,20n38w,41139,24.05
322.0,20.0,2015-05-27T12:00:00Z,20n38w,41139,24.11
322.0,20.0,2015-05-28T12:00:00Z,20n38w,41139,24.14
322.0,20.0,2015-05-29T12:00:00Z,20n38w,41139,24.13
322.0,20.0,2015-05-30T12:00:00Z,20n38w,41139,24.15
322.0,20.0,2015-05-31T12:00:00Z,20n38w,41139,24.16
337.0,21.0,2015-05-23T12:00:00Z,21n23w,13002,21.45
337.0,21.0,2015-05-24T12:00:00Z,21n23w,13002,21.49
337.0,21.0,2015-05-25T12:00:00Z,21n23w,13002,21.64
337.0,21.0,2015-05-26T12:00:00Z,21n23w,13002,21.71
337.0,21.0,2015-05-27T12:00:00Z,21n23w,13002,21.66
337.0,21.0,2015-05-28T12:00:00Z,21n23w,13002,21.7
337.0,21.0,2015-05-29T12:00:00Z,21n23w,13002,21.82
337.0,21.0,2015-05-30T12:00:00Z,21n23w,13002,21.76
337.0,21.0,2015-05-31T12:00:00Z,21n23w,13002,21.92
250.0,2.0,2015-05-23T12:00:00Z,2n110w,32316,29.169258
250.0,2.0,2015-05-24T12:00:00Z,2n110w,32316,29.131458
250.0,2.0,2015-05-25T12:00:00Z,2n110w,32316,28.920818
250.0,2.0,2015-05-26T12:00:00Z,2n110w,32316,28.941988
250.0,2.0,2015-05-27T12:00:00Z,2n110w,32316,28.95041
250.0,2.0,2015-05-28T12:00:00Z,2n110w,32316,28.884413
250.0,2.0,2015-05-29T12:00:00Z,2n110w,32316,28.887852
250.0,2.0,2015-05-30T12:00:00Z,2n110w,32316,28.908138
250.0,2.0,2015-05-31T12:00:00Z,2n110w,32316,28.881628
235.0,2.0,2015-05-23T12:00:00Z,2n125w,51016,28.948677
235.0,2.0,2015-05-24T12:00:00Z,2n125w,51016,29.045269
235.0,2.0,2015-05-25T12:00:00Z,2n125w,51016,29.055838
235.0,2.0,2015-05-26T12:00:00Z,2n125w,51016,29.006077
235.0,2.0,2015-05-27T12:00:00Z,2n125w,51016,28.989716
235.0,2.0,2015-05-28T12:00:00Z,2n125w,51016,28.88812
235.0,2.0,2015-05-29T12:00:00Z,2n125w,51016,28.823156
235.0,2.0,2015-05-30T12:00:00Z,2n125w,51016,28.762014
235.0,2.0,2015-05-31T12:00:00Z,2n125w,51016,28.68174
137.0,2.0,2015-05-23T12:00:00Z,2n137e,52307,30.01
137.0,2.0,2015-05-24T12:00:00Z,2n137e,52307,29.79
137.0,2.0,2015-05-25T12:00:00Z,2n137e,52307,29.78
137.0,2.0,2015-05-26T12:00:00Z,2n137e,52307,29.67
137.0,2.0,2015-05-27T12:00:00Z,2n137e,52307,29.5
137.0,2.0,2015-05-28T12:00:00Z,2n137e,52307,29.72
137.0,2.0,2015-05-29T12:00:00Z,2n137e,52307,29.86
137.0,2.0,2015-05-30T12:00:00Z,2n137e,52307,29.78
137.0,2.0,2015-05-31T12:00:00Z,2n137e,52307,30.0
220.0,2.0,2015-05-23T12:00:00Z,2n140w,51008,28.681515
220.0,2.0,2015-05-24T12:00:00Z,2n140w,51008,28.676052
220.0,2.0,2015-05-25T12:00:00Z,2n140w,51008,28.84093
220.0,2.0,2015-05-26T12:00:00Z,2n140w,51008,29.088484
220.0,2.0,2015-05-27T12:00:00Z,2n140w,51008,29.265966
220.0,2.0,2015-05-28T12:00:00Z,2n140w,51008,29.035376
220.0,2.0,2015-05-29T12:00:00Z,2n140w,51008,28.923897
220.0,2.0,2015-05-30T12:00:00Z,2n140w,51008,28.911783
220.0,2.0,2015-05-31T12:00:00Z,2n140w,51008,28.873453
147.0,2.0,2015-05-23T12:00:00Z,2n147e,52301,29.93
147.0,2.0,2015-05-24T12:00:00Z,2n147e,52301,30.15
147.0,2.0,2015-05-25T12:00:00Z,2n147e,52301,29.96
147.0,2.0,2015-05-26T12:00:00Z,2n147e,52301,30.28
147.0,2.0,2015-05-27T12:00:00Z,2n147e,52301,29.98
147.0,2.0,2015-05-28T12:00:00Z,2n147e,52301,29.63
147.0,2.0,2015-05-29T12:00:00Z,2n147e,52301,29.99
147.0,2.0,2015-05-30T12:00:00Z,2n147e,52301,30.24
147.0,2.0,2015-05-31T12:00:00Z,2n147e,52301,30.03
205.0,2.0,2015-05-23T12:00:00Z,2n155w,51021,29.338593
205.0,2.0,2015-05-24T12:00:00Z,2n155w,51021,29.26508
205.0,2.0,2015-05-25T12:00:00Z,2n155w,51021,29.239931
205.0,2.0,2015-05-26T12:00:00Z,2n155w,51021,28.888674
205.0,2.0,2015-05-27T12:00:00Z,2n155w,51021,29.582096
205.0,2.0,2015-05-28T12:00:00Z,2n155w,51021,29.617538
205.0,2.0,2015-05-29T12:00:00Z,2n155w,51021,29.58133
205.0,2.0,2015-05-30T12:00:00Z,2n155w,51021,29.767405
205.0,2.0,2015-05-31T12:00:00Z,2n155w,51021,29.704363
156.0,2.0,2015-05-23T12:00:00Z,2n156e,52011,29.26
156.0,2.0,2015-05-24T12:00:00Z,2n156e,52011,29.43
156.0,2.0,2015-05-25T12:00:00Z,2n156e,52011,29.77
156.0,2.0,2015-05-26T12:00:00Z,2n156e,52011,29.64
156.0,2.0,2015-05-27T12:00:00Z,2n156e,52011,29.99
156.0,2.0,2015-05-28T12:00:00Z,2n156e,52011,30.01
156.0,2.0,2015-05-29T12:00:00Z,2n156e,52011,30.27
156.0,2.0,2015-05-30T12:00:00Z,2n156e,52011,30.13
156.0,2.0,2015-05-31T12:00:00Z,2n156e,52011,30.02
165.0,2.0,2015-05-23T12:00:00Z,2n165e,52001,29.637434
165.0,2.0,2015-05-24T12:00:00Z,2n165e,52001,29.701374
165.0,2.0,2015-05-25T12:00:00Z,2n165e,52001,29.656307
165.0,2.0,2015-05-26T12:00:00Z,2n165e,52001,29.760305
165.0,2.0,2015-05-27T12:00:00Z,2n165e,52001,29.940872
165.0,2.0,2015-05-28T12:00:00Z,2n165e,52001,29.859753
165.0,2.0,2015-05-29T12:00:00Z,2n165e,52001,29.917336
165.0,2.0,2015-05-30T12:00:00Z,2n165e,52001,30.068193
165.0,2.0,2015-05-31T12:00:00Z,2n165e,52001,29.801907
190.0,2.0,2015-05-23T12:00:00Z,2n170w,51305,30.269962
190.0,2.0,2015-05-24T12:00:00Z,2n170w,51305,30.39108
190.0,2.0,2015-05-25T12:00:00Z,2n170w,51305,30.172977
190.0,2.0,2015-05-26T12:00:00Z,2n170w,51305,30.127964
190.0,2.0,2015-05-27T12:00:00Z,2n170w,51305,30.094154
190.0,2.0,2015-05-28T12:00:00Z,2n170w,51305,30.502005
190.0,2.0,2015-05-29T12:00:00Z,2n170w,51305,30.58909
190.0,2.0,2015-05-30T12:00:00Z,2n170w,51305,30.33821
190.0,2.0,2015-05-31T12:00:00Z,2n170w,51305,30.448002
180.0,2.0,2015-05-23T12:00:00Z,2n180w,52310,29.83478
180.0,2.0,2015-05-24T12:00:00Z,2n180w,52310,30.034746
180.0,2.0,2015-05-25T12:00:00Z,2n180w,52310,30.173098
180.0,2.0,2015-05-26T12:00:00Z,2n180w,52310,30.06885
180.0,2.0,2015-05-27T12:00:00Z,2n180w,52310,29.982365
180.0,2.0,2015-05-28T12:00:00Z,2n180w,52310,30.287687
180.0,2.0,2015-05-29T12:00:00Z,2n180w,52310,30.365576
180.0,2.0,2015-05-30T12:00:00Z,2n180w,52310,30.506649
180.0,2.0,2015-05-31T12:00:00Z,2n180w,52310,30.536182
265.0,2.0,2015-05-23T12:00:00Z,2n95w,32320,28.4465
265.0,2.0,2015-05-24T12:00:00Z,2n95w,32320,28.261623
265.0,2.0,2015-05-25T12:00:00Z,2n95w,32320,27.96462
265.0,2.0,2015-05-26T12:00:00Z,2n95w,32320,27.758793
265.0,2.0,2015-05-27T12:00:00Z,2n95w,32320,27.744335
265.0,2.0,2015-05-28T12:00:00Z,2n95w,32320,27.846703
265.0,2.0,2015-05-29T12:00:00Z,2n95w,32320,28.072279
265.0,2.0,2015-05-30T12:00:00Z,2n95w,32320,28.44715
265.0,2.0,2015-05-31T12:00:00Z,2n95w,32320,28.434475
250.0,-2.0,2015-05-23T12:00:00Z,2s110w,32317,27.663446
250.0,-2.0,2015-05-24T12:00:00Z,2s110w,32317,27.662025
250.0,-2.0,2015-05-25T12:00:00Z,2s110w,32317,27.6027
250.0,-2.0,2015-05-26T12:00:00Z,2s110w,32317,27.590288
250.0,-2.0,2015-05-27T12:00:00Z,2s110w,32317,27.595531
250.0,-2.0,2015-05-28T12:00:00Z,2s110w,32317,27.62644
250.0,-2.0,2015-05-29T12:00:00Z,2s110w,32317,27.66001
250.0,-2.0,2015-05-30T12:00:00Z,2s110w,32317,27.641636
250.0,-2.0,2015-05-31T12:00:00Z,2s110w,32317,27.61533
235.0,-2.0,2015-05-23T12:00:00Z,2s125w,51017,27.959757
235.0,-2.0,2015-05-24T12:00:00Z,2s125w,51017,27.948359
235.0,-2.0,2015-05-25T12:00:00Z,2s125w,51017,27.880562
235.0,-2.0,2015-05-26T12:00:00Z,2s125w,51017,27.865992
235.0,-2.0,2015-05-27T12:00:00Z,2s125w,51017,27.924398
235.0,-2.0,2015-05-28T12:00:00Z,2s125w,51017,27.944386
235.0,-2.0,2015-05-29T12:00:00Z,2s125w,51017,27.919655
235.0,-2.0,2015-05-30T12:00:00Z,2s125w,51017,27.905958
235.0,-2.0,2015-05-31T12:00:00Z,2s125w,51017,27.887758
220.0,-2.0,2015-05-23T12:00:00Z,2s140w,51009,28.555355
220.0,-2.0,2015-05-24T12:00:00Z,2s140w,51009,28.532562
220.0,-2.0,2015-05-25T12:00:00Z,2s140w,51009,28.49212
220.0,-2.0,2015-05-26T12:00:00Z,2s140w,51009,28.46719
220.0,-2.0,2015-05-27T12:00:00Z,2s140w,51009,28.450747
220.0,-2.0,2015-05-28T12:00:00Z,2s140w,51009,28.505896
220.0,-2.0,2015-05-29T12:00:00Z,2s140w,51009,28.48492
220.0,-2.0,2015-05-30T12:00:00Z,2s140w,51009,28.507273
220.0,-2.0,2015-05-31T12:00:00Z,2s140w,51009,28.556505
205.0,-2.0,2015-05-23T12:00:00Z,2s155w,51022,29.067238
205.0,-2.0,2015-05-24T12:00:00Z,2s155w,51022,29.03898
205.0,-2.0,2015-05-25T12:00:00Z,2s155w,51022,29.106327
205.0,-2.0,2015-05-26T12:00:00Z,2s155w,51022,29.286505
205.0,-2.0,2015-05-27T12:00:00Z,2s155w,51022,29.307714
205.0,-2.0,2015-05-28T12:00:00Z,2s155w,51022,29.256107
205.0,-2.0,2015-05-29T12:00:00Z,2s155w,51022,29.281757
205.0,-2.0,2015-05-30T12:00:00Z,2s155w,51022,29.353067
205.0,-2.0,2015-05-31T12:00:00Z,2s155w,51022,29.498644
156.0,-2.0,2015-05-23T12:00:00Z,2s156e,52012,29.72
156.0,-2.0,2015-05-24T12:00:00Z,2s156e,52012,29.68
156.0,-2.0,2015-05-25T12:00:00Z,2s156e,52012,29.5
156.0,-2.0,2015-05-26T12:00:00Z,2s156e,52012,29.61
156.0,-2.0,2015-05-27T12:00:00Z,2s156e,52012,29.52
156.0,-2.0,2015-05-28T12:00:00Z,2s156e,52012,29.76
156.0,-2.0,2015-05-29T12:00:00Z,2s156e,52012,29.7
156.0,-2.0,2015-05-30T12:00:00Z,2s156e,52012,30.05
156.0,-2.0,2015-05-31T12:00:00Z,2s156e,52012,29.59
165.0,-2.0,2015-05-23T12:00:00Z,2s165e,52002,29.899168
165.0,-2.0,2015-05-24T12:00:00Z,2s165e,52002,29.88548
165.0,-2.0,2015-05-25T12:00:00Z,2s165e,52002,29.918715
165.0,-2.0,2015-05-26T12:00:00Z,2s165e,52002,29.979248
165.0,-2.0,2015-05-27T12:00:00Z,2s165e,52002,29.932396
165.0,-2.0,2015-05-28T12:00:00Z,2s165e,52002,29.990643
165.0,-2.0,2015-05-29T12:00:00Z,2s165e,52002,30.022741
165.0,-2.0,2015-05-30T12:00:00Z,2s165e,52002,30.031326
165.0,-2.0,2015-05-31T12:00:00Z,2s165e,52002,30.037222
190.0,-2.0,2015-05-23T12:00:00Z,2s170w,51306,30.282099
190.0,-2.0,2015-05-24T12:00:00Z,2s170w,51306,30.222021
190.0,-2.0,2015-05-25T12:00:00Z,2s170w,51306,30.303776
190.0,-2.0,2015-05-26T12:00:00Z,2s170w,51306,30.320593
190.0,-2.0,2015-05-27T12:00:00Z,2s170w,51306,30.282045
190.0,-2.0,2015-05-28T12:00:00Z,2s170w,51306,30.42993
190.0,-2.0,2015-05-29T12:00:00Z,2s170w,51306,30.527979
190.0,-2.0,2015-05-30T12:00:00Z,2s170w,51306,30.657167
190.0,-2.0,2015-05-31T12:00:00Z,2s170w,51306,30.549244
180.0,-2.0,2015-05-23T12:00:00Z,2s180w,52312,30.118593
180.0,-2.0,2015-05-24T12:00:00Z,2s180w,52312,30.208593
180.0,-2.0,2015-05-25T12:00:00Z,2s180w,52312,30.307076
180.0,-2.0,2015-05-26T12:00:00Z,2s180w,52312,30.246492
180.0,-2.0,2015-05-27T12:00:00Z,2s180w,52312,30.291256
180.0,-2.0,2015-05-28T12:00:00Z,2s180w,52312,30.723186
180.0,-2.0,2015-05-29T12:00:00Z,2s180w,52312,30.699776
180.0,-2.0,2015-05-30T12:00:00Z,2s180w,52312,30.773579
180.0,-2.0,2015-05-31T12:00:00Z,2s180w,52312,30.656216
265.0,-2.0,2015-05-23T12:00:00Z,2s95w,32322,NaN
265.0,-2.0,2015-05-24T12:00:00Z,2s95w,32322,NaN
265.0,-2.0,2015-05-25T12:00:00Z,2s95w,32322,NaN
265.0,-2.0,2015-05-26T12:00:00Z,2s95w,32322,NaN
265.0,-2.0,2015-05-27T12:00:00Z,2s95w,32322,NaN
265.0,-2.0,2015-05-28T12:00:00Z,2s95w,32322,NaN
265.0,-2.0,2015-05-29T12:00:00Z,2s95w,32322,NaN
265.0,-2.0,2015-05-30T12:00:00Z,2s95w,32322,NaN
265.0,-2.0,2015-05-31T12:00:00Z,2s95w,32322,NaN
337.0,4.0,2015-05-23T12:00:00Z,4n23w,31006,28.66
337.0,4.0,2015-05-24T12:00:00Z,4n23w,31006,28.63
337.0,4.0,2015-05-25T12:00:00Z,4n23w,31006,28.59
337.0,4.0,2015-05-26T12:00:00Z,4n23w,31006,28.51
337.0,4.0,2015-05-27T12:00:00Z,4n23w,31006,28.65
337.0,4.0,2015-05-28T12:00:00Z,4n23w,31006,28.6
337.0,4.0,2015-05-29T12:00:00Z,4n23w,31006,28.52
337.0,4.0,2015-05-30T12:00:00Z,4n23w,31006,28.42
337.0,4.0,2015-05-31T12:00:00Z,4n23w,31006,28.41
322.0,4.0,2015-05-23T12:00:00Z,4n38w,31002,NaN
322.0,4.0,2015-05-24T12:00:00Z,4n38w,31002,NaN
322.0,4.0,2015-05-25T12:00:00Z,4n38w,31002,NaN
322.0,4.0,2015-05-26T12:00:00Z,4n38w,31002,NaN
322.0,4.0,2015-05-27T12:00:00Z,4n38w,31002,NaN
322.0,4.0,2015-05-28T12:00:00Z,4n38w,31002,NaN
322.0,4.0,2015-05-29T12:00:00Z,4n38w,31002,NaN
322.0,4.0,2015-05-30T12:00:00Z,4n38w,31002,NaN
322.0,4.0,2015-05-31T12:00:00Z,4n38w,31002,NaN
90.0,4.0,2015-05-23T12:00:00Z,4n90e,23006,30.52
90.0,4.0,2015-05-24T12:00:00Z,4n90e,23006,30.19
90.0,4.0,2015-05-25T12:00:00Z,4n90e,23006,30.16
90.0,4.0,2015-05-26T12:00:00Z,4n90e,23006,30.11
90.0,4.0,2015-05-27T12:00:00Z,4n90e,23006,30.1
90.0,4.0,2015-05-28T12:00:00Z,4n90e,23006,30.24
90.0,4.0,2015-05-29T12:00:00Z,4n90e,23006,30.12
90.0,4.0,2015-05-30T12:00:00Z,4n90e,23006,30.24
90.0,4.0,2015-05-31T12:00:00Z,4n90e,23006,30.46
67.0,-4.0,2015-05-23T12:00:00Z,4s67e,23017,31.01
67.0,-4.0,2015-05-24T12:00:00Z,4s67e,23017,30.73
67.0,-4.0,2015-05-25T12:00:00Z,4s67e,23017,30.71
67.0,-4.0,2015-05-26T12:00:00Z,4s67e,23017,30.63
67.0,-4.0,2015-05-27T12:00:00Z,4s67e,23017,30.69
67.0,-4.0,2015-05-28T12:00:00Z,4s67e,23017,30.5
67.0,-4.0,2015-05-29T12:00:00Z,4s67e,23017,30.83
67.0,-4.0,2015-05-30T12:00:00Z,4s67e,23017,30.33
67.0,-4.0,2015-05-31T12:00:00Z,4s67e,23017,30.44
80.5,-4.0,2015-05-23T12:00:00Z,4s80.5e,23010,30.32
80.5,-4.0,2015-05-24T12:00:00Z,4s80.5e,23010,30.1
80.5,-4.0,2015-05-25T12:00:00Z,4s80.5e,23010,30.25
80.5,-4.0,2015-05-26T12:00:00Z,4s80.5e,23010,30.3
80.5,-4.0,2015-05-27T12:00:00Z,4s80.5e,23010,29.92
80.5,-4.0,2015-05-28T12:00:00Z,4s80.5e,23010,30.25
80.5,-4.0,2015-05-29T12:00:00Z,4s80.5e,23010,30.47
80.5,-4.0,2015-05-30T12:00:00Z,4s80.5e,23010,30.23
80.5,-4.0,2015-05-31T12:00:00Z,4s80.5e,23010,29.93
250.0,5.0,2015-05-23T12:00:00Z,5n110w,32315,29.271545
250.0,5.0,2015-05-24T12:00:00Z,5n110w,32315,29.20186
250.0,5.0,2015-05-25T12:00:00Z,5n110w,32315,29.187672
250.0,5.0,2015-05-26T12:00:00Z,5n110w,32315,29.314238
250.0,5.0,2015-05-27T12:00:00Z,5n110w,32315,29.364626
250.0,5.0,2015-05-28T12:00:00Z,5n110w,32315,29.242624
250.0,5.0,2015-05-29T12:00:00Z,5n110w,32315,29.074509
250.0,5.0,2015-05-30T12:00:00Z,5n110w,32315,29.167889
250.0,5.0,2015-05-31T12:00:00Z,5n110w,32315,29.214561
235.0,5.0,2015-05-23T12:00:00Z,5n125w,51015,28.729904
235.0,5.0,2015-05-24T12:00:00Z,5n125w,51015,28.897182
235.0,5.0,2015-05-25T12:00:00Z,5n125w,51015,29.04853
235.0,5.0,2015-05-26T12:00:00Z,5n125w,51015,29.024612
235.0,5.0,2015-05-27T12:00:00Z,5n125w,51015,29.202
235.0,5.0,2015-05-28T12:00:00Z,5n125w,51015,28.915134
235.0,5.0,2015-05-29T12:00:00Z,5n125w,51015,28.81503
235.0,5.0,2015-05-30T12:00:00Z,5n125w,51015,28.728035
235.0,5.0,2015-05-31T12:00:00Z,5n125w,51015,28.62908
220.0,5.0,2015-05-23T12:00:00Z,5n140w,51007,NaN
220.0,5.0,2015-05-24T12:00:00Z,5n140w,51007,NaN
220.0,5.0,2015-05-25T12:00:00Z,5n140w,51007,NaN
220.0,5.0,2015-05-26T12:00:00Z,5n140w,51007,NaN
220.0,5.0,2015-05-27T12:00:00Z,5n140w,51007,NaN
220.0,5.0,2015-05-28T12:00:00Z,5n140w,51007,NaN
220.0,5.0,2015-05-29T12:00:00Z,5n140w,51007,NaN
220.0,5.0,2015-05-30T12:00:00Z,5n140w,51007,NaN
220.0,5.0,2015-05-31T12:00:00Z,5n140w,51007,NaN
205.0,5.0,2015-05-23T12:00:00Z,5n155w,51020,NaN
205.0,5.0,2015-05-24T12:00:00Z,5n155w,51020,NaN
205.0,5.0,2015-05-25T12:00:00Z,5n155w,51020,NaN
205.0,5.0,2015-05-26T12:00:00Z,5n155w,51020,NaN
205.0,5.0,2015-05-27T12:00:00Z,5n155w,51020,NaN
205.0,5.0,2015-05-28T12:00:00Z,5n155w,51020,NaN
205.0,5.0,2015-05-29T12:00:00Z,5n155w,51020,NaN
205.0,5.0,2015-05-30T12:00:00Z,5n155w,51020,NaN
205.0,5.0,2015-05-31T12:00:00Z,5n155w,51020,NaN
165.0,5.0,2015-05-23T12:00:00Z,5n165e,52003,29.134682
165.0,5.0,2015-05-24T12:00:00Z,5n165e,52003,29.222208
165.0,5.0,2015-05-25T12:00:00Z,5n165e,52003,29.402496
165.0,5.0,2015-05-26T12:00:00Z,5n165e,52003,29.38332
165.0,5.0,2015-05-27T12:00:00Z,5n165e,52003,29.439636
165.0,5.0,2015-05-28T12:00:00Z,5n165e,52003,29.410732
165.0,5.0,2015-05-29T12:00:00Z,5n165e,52003,29.256102
165.0,5.0,2015-05-30T12:00:00Z,5n165e,52003,29.309975
165.0,5.0,2015-05-31T12:00:00Z,5n165e,52003,29.397827
190.0,5.0,2015-05-23T12:00:00Z,5n170w,51303,NaN
190.0,5.0,2015-05-24T12:00:00Z,5n170w,51303,NaN
190.0,5.0,2015-05-25T12:00:00Z,5n170w,51303,NaN
190.0,5.0,2015-05-26T12:00:00Z,5n170w,51303,NaN
190.0,5.0,2015-05-27T12:00:00Z,5n170w,51303,NaN
190.0,5.0,2015-05-28T12:00:00Z,5n170w,51303,NaN
190.0,5.0,2015-05-29T12:00:00Z,5n170w,51303,NaN
190.0,5.0,2015-05-30T12:00:00Z,5n170w,51303,NaN
190.0,5.0,2015-05-31T12:00:00Z,5n170w,51303,NaN
180.0,5.0,2015-05-23T12:00:00Z,5n180w,52309,NaN
180.0,5.0,2015-05-24T12:00:00Z,5n180w,52309,NaN
180.0,5.0,2015-05-25T12:00:00Z,5n180w,52309,NaN
180.0,5.0,2015-05-26T12:00:00Z,5n180w,52309,NaN
180.0,5.0,2015-05-27T12:00:00Z,5n180w,52309,NaN
180.0,5.0,2015-05-28T12:00:00Z,5n180w,52309,NaN
180.0,5.0,2015-05-29T12:00:00Z,5n180w,52309,NaN
180.0,5.0,2015-05-30T12:00:00Z,5n180w,52309,NaN
180.0,5.0,2015-05-31T12:00:00Z,5n180w,52309,NaN
265.0,5.0,2015-05-23T12:00:00Z,5n95w,32303,29.590069
265.0,5.0,2015-05-24T12:00:00Z,5n95w,32303,29.463188
265.0,5.0,2015-05-25T12:00:00Z,5n95w,32303,29.112434
265.0,5.0,2015-05-26T12:00:00Z,5n95w,32303,29.173542
265.0,5.0,2015-05-27T12:00:00Z,5n95w,32303,29.04031
265.0,5.0,2015-05-28T12:00:00Z,5n95w,32303,29.31485
265.0,5.0,2015-05-29T12:00:00Z,5n95w,32303,29.6578
265.0,5.0,2015-05-30T12:00:00Z,5n95w,32303,29.631647
265.0,5.0,2015-05-31T12:00:00Z,5n95w,32303,29.4525
250.0,-5.0,2015-05-23T12:00:00Z,5s110w,32318,27.449244
250.0,-5.0,2015-05-24T12:00:00Z,5s110w,32318,27.455833
250.0,-5.0,2015-05-25T12:00:00Z,5s110w,32318,27.413269
250.0,-5.0,2015-05-26T12:00:00Z,5s110w,32318,27.38551
250.0,-5.0,2015-05-27T12:00:00Z,5s110w,32318,27.349976
250.0,-5.0,2015-05-28T12:00:00Z,5s110w,32318,27.361725
250.0,-5.0,2015-05-29T12:00:00Z,5s110w,32318,27.320189
250.0,-5.0,2015-05-30T12:00:00Z,5s110w,32318,27.30441
250.0,-5.0,2015-05-31T12:00:00Z,5s110w,32318,27.29984
235.0,-5.0,2015-05-23T12:00:00Z,5s125w,51018,27.71856
235.0,-5.0,2015-05-24T12:00:00Z,5s125w,51018,27.735077
235.0,-5.0,2015-05-25T12:00:00Z,5s125w,51018,27.776817
235.0,-5.0,2015-05-26T12:00:00Z,5s125w,51018,27.768154
235.0,-5.0,2015-05-27T12:00:00Z,5s125w,51018,27.697512
235.0,-5.0,2015-05-28T12:00:00Z,5s125w,51018,27.584269
235.0,-5.0,2015-05-29T12:00:00Z,5s125w,51018,27.504036
235.0,-5.0,2015-05-30T12:00:00Z,5s125w,51018,27.49898
235.0,-5.0,2015-05-31T12:00:00Z,5s125w,51018,27.513374
220.0,-5.0,2015-05-23T12:00:00Z,5s140w,51014,28.40491
220.0,-5.0,2015-05-24T12:00:00Z,5s140w,51014,28.331804
220.0,-5.0,2015-05-25T12:00:00Z,5s140w,51014,28.318636
220.0,-5.0,2015-05-26T12:00:00Z,5s140w,51014,28.280748
220.0,-5.0,2015-05-27T12:00:00Z,5s140w,51014,28.307335
220.0,-5.0,2015-05-28T12:00:00Z,5s140w,51014,28.310923
220.0,-5.0,2015-05-29T12:00:00Z,5s140w,51014,28.247782
220.0,-5.0,2015-05-30T12:00:00Z,5s140w,51014,28.302244
220.0,-5.0,2015-05-31T12:00:00Z,5s140w,51014,28.289133
205.0,-5.0,2015-05-23T12:00:00Z,5s155w,51019,29.10229
205.0,-5.0,2015-05-24T12:00:00Z,5s155w,51019,29.073069
205.0,-5.0,2015-05-25T12:00:00Z,5s155w,51019,29.206652
205.0,-5.0,2015-05-26T12:00:00Z,5s155w,51019,29.268917
205.0,-5.0,2015-05-27T12:00:00Z,5s155w,51019,29.06562
205.0,-5.0,2015-05-28T12:00:00Z,5s155w,51019,29.113237
205.0,-5.0,2015-05-29T12:00:00Z,5s155w,51019,29.108812
205.0,-5.0,2015-05-30T12:00:00Z,5s155w,51019,29.095087
205.0,-5.0,2015-05-31T12:00:00Z,5s155w,51019,29.048578
165.0,-5.0,2015-05-23T12:00:00Z,5s165e,52004,29.96558
165.0,-5.0,2015-05-24T12:00:00Z,5s165e,52004,29.880926
165.0,-5.0,2015-05-25T12:00:00Z,5s165e,52004,29.903744
165.0,-5.0,2015-05-26T12:00:00Z,5s165e,52004,30.192474
165.0,-5.0,2015-05-27T12:00:00Z,5s165e,52004,30.303114
165.0,-5.0,2015-05-28T12:00:00Z,5s165e,52004,30.284256
165.0,-5.0,2015-05-29T12:00:00Z,5s165e,52004,30.155293
165.0,-5.0,2015-05-30T12:00:00Z,5s165e,52004,30.092016
165.0,-5.0,2015-05-31T12:00:00Z,5s165e,52004,30.116652
190.0,-5.0,2015-05-23T12:00:00Z,5s170w,51304,30.012573
190.0,-5.0,2015-05-24T12:00:00Z,5s170w,51304,30.006165
190.0,-5.0,2015-05-25T12:00:00Z,5s170w,51304,30.05313
190.0,-5.0,2015-05-26T12:00:00Z,5s170w,51304,30.058443
190.0,-5.0,2015-05-27T12:00:00Z,5s170w,51304,30.019342
190.0,-5.0,2015-05-28T12:00:00Z,5s170w,51304,29.811434
190.0,-5.0,2015-05-29T12:00:00Z,5s170w,51304,30.162138
190.0,-5.0,2015-05-30T12:00:00Z,5s170w,51304,30.12701
190.0,-5.0,2015-05-31T12:00:00Z,5s170w,51304,30.23534
180.0,-5.0,2015-05-23T12:00:00Z,5s180w,52313,30.492855
180.0,-5.0,2015-05-24T12:00:00Z,5s180w,52313,30.524336
180.0,-5.0,2015-05-25T12:00:00Z,5s180w,52313,30.496386
180.0,-5.0,2015-05-26T12:00:00Z,5s180w,52313,30.42425
180.0,-5.0,2015-05-27T12:00:00Z,5s180w,52313,30.387203
180.0,-5.0,2015-05-28T12:00:00Z,5s180w,52313,30.39336
180.0,-5.0,2015-05-29T12:00:00Z,5s180w,52313,30.603674
180.0,-5.0,2015-05-30T12:00:00Z,5s180w,52313,30.707764
180.0,-5.0,2015-05-31T12:00:00Z,5s180w,52313,30.72267
95.0,-5.0,2015-05-23T12:00:00Z,5s95e,53056,29.96
95.0,-5.0,2015-05-24T12:00:00Z,5s95e,53056,30.02
95.0,-5.0,2015-05-25T12:00:00Z,5s95e,53056,30.22
95.0,-5.0,2015-05-26T12:00:00Z,5s95e,53056,30.11
95.0,-5.0,2015-05-27T12:00:00Z,5s95e,53056,30.12
95.0,-5.0,2015-05-28T12:00:00Z,5s95e,53056,30.09
95.0,-5.0,2015-05-29T12:00:00Z,5s95e,53056,29.98
95.0,-5.0,2015-05-30T12:00:00Z,5s95e,53056,30.0
95.0,-5.0,2015-05-31T12:00:00Z,5s95e,53056,30.06
265.0,-5.0,2015-05-23T12:00:00Z,5s95w,32304,27.418047
265.0,-5.0,2015-05-24T12:00:00Z,5s95w,32304,27.354015
265.0,-5.0,2015-05-25T12:00:00Z,5s95w,32304,27.25026
265.0,-5.0,2015-05-26T12:00:00Z,5s95w,32304,27.346601
265.0,-5.0,2015-05-27T12:00:00Z,5s95w,32304,27.048727
265.0,-5.0,2015-05-28T12:00:00Z,5s95w,32304,27.069517
265.0,-5.0,2015-05-29T12:00:00Z,5s95w,32304,26.861614
265.0,-5.0,2015-05-30T12:00:00Z,5s95w,32304,26.850384
265.0,-5.0,2015-05-31T12:00:00Z,5s95w,32304,26.903263
350.0,-6.0,2015-05-23T12:00:00Z,6s10w,15006,27.87
350.0,-6.0,2015-05-24T12:00:00Z,6s10w,15006,27.8
350.0,-6.0,2015-05-25T12:00:00Z,6s10w,15006,27.76
350.0,-6.0,2015-05-26T12:00:00Z,6s10w,15006,27.72
350.0,-6.0,2015-05-27T12:00:00Z,6s10w,15006,27.7
350.0,-6.0,2015-05-28T12:00:00Z,6s10w,15006,27.66
350.0,-6.0,2015-05-29T12:00:00Z,6s10w,15006,27.58
350.0,-6.0,2015-05-30T12:00:00Z,6s10w,15006,27.58
350.0,-6.0,2015-05-31T12:00:00Z,6s10w,15006,27.52
8.0,-6.0,2015-05-23T12:00:00Z,6s8e,15007,28.84
8.0,-6.0,2015-05-24T12:00:00Z,6s8e,15007,28.62
8.0,-6.0,2015-05-25T12:00:00Z,6s8e,15007,28.38
8.0,-6.0,2015-05-26T12:00:00Z,6s8e,15007,28.13
8.0,-6.0,2015-05-27T12:00:00Z,6s8e,15007,27.9
8.0,-6.0,2015-05-28T12:00:00Z,6s8e,15007,27.58
8.0,-6.0,2015-05-29T12:00:00Z,6s8e,15007,27.36
8.0,-6.0,2015-05-30T12:00:00Z,6s8e,15007,27.32
8.0,-6.0,2015-05-31T12:00:00Z,6s8e,15007,27.33
250.0,8.0,2015-05-23T12:00:00Z,8n110w,43001,29.883947
250.0,8.0,2015-05-24T12:00:00Z,8n110w,43001,29.608576
250.0,8.0,2015-05-25T12:00:00Z,8n110w,43001,29.631971
250.0,8.0,2015-05-26T12:00:00Z,8n110w,43001,29.652887
250.0,8.0,2015-05-27T12:00:00Z,8n110w,43001,29.482933
250.0,8.0,2015-05-28T12:00:00Z,8n110w,43001,29.359447
250.0,8.0,2015-05-29T12:00:00Z,8n110w,43001,29.25183
250.0,8.0,2015-05-30T12:00:00Z,8n110w,43001,29.156487
250.0,8.0,2015-05-31T12:00:00Z,8n110w,43001,29.307562
235.0,8.0,2015-05-23T12:00:00Z,8n125w,51307,28.923927
235.0,8.0,2015-05-24T12:00:00Z,8n125w,51307,29.164425
235.0,8.0,2015-05-25T12:00:00Z,8n125w,51307,29.284992
235.0,8.0,2015-05-26T12:00:00Z,8n125w,51307,29.326374
235.0,8.0,2015-05-27T12:00:00Z,8n125w,51307,29.135735
235.0,8.0,2015-05-28T12:00:00Z,8n125w,51307,28.947475
235.0,8.0,2015-05-29T12:00:00Z,8n125w,51307,28.988722
235.0,8.0,2015-05-30T12:00:00Z,8n125w,51307,28.801704
235.0,8.0,2015-05-31T12:00:00Z,8n125w,51307,28.950443
137.0,8.0,2015-05-23T12:00:00Z,8n137e,52087,29.97
137.0,8.0,2015-05-24T12:00:00Z,8n137e,52087,30.26
137.0,8.0,2015-05-25T12:00:00Z,8n137e,52087,30.09
137.0,8.0,2015-05-26T12:00:00Z,8n137e,52087,30.33
137.0,8.0,2015-05-27T12:00:00Z,8n137e,52087,30.58
137.0,8.0,2015-05-28T12:00:00Z,8n137e,52087,30.53
137.0,8.0,2015-05-29T12:00:00Z,8n137e,52087,30.78
137.0,8.0,2015-05-30T12:00:00Z,8n137e,52087,30.24
137.0,8.0,2015-05-31T12:00:00Z,8n137e,52087,30.48
205.0,8.0,2015-05-23T12:00:00Z,8n155w,51301,28.720001
205.0,8.0,2015-05-24T12:00:00Z,8n155w,51301,28.764973
205.0,8.0,2015-05-25T12:00:00Z,8n155w,51301,28.734829
205.0,8.0,2015-05-26T12:00:00Z,8n155w,51301,28.715246
205.0,8.0,2015-05-27T12:00:00Z,8n155w,51301,28.542665
205.0,8.0,2015-05-28T12:00:00Z,8n155w,51301,28.759396
205.0,8.0,2015-05-29T12:00:00Z,8n155w,51301,28.766455
205.0,8.0,2015-05-30T12:00:00Z,8n155w,51301,28.410717
205.0,8.0,2015-05-31T12:00:00Z,8n155w,51301,28.651447
165.0,8.0,2015-05-23T12:00:00Z,8n165e,52006,29.11397
165.0,8.0,2015-05-24T12:00:00Z,8n165e,52006,29.311914
165.0,8.0,2015-05-25T12:00:00Z,8n165e,52006,29.336916
165.0,8.0,2015-05-26T12:00:00Z,8n165e,52006,29.020802
165.0,8.0,2015-05-27T12:00:00Z,8n165e,52006,29.236433
165.0,8.0,2015-05-28T12:00:00Z,8n165e,52006,29.461721
165.0,8.0,2015-05-29T12:00:00Z,8n165e,52006,29.036846
165.0,8.0,2015-05-30T12:00:00Z,8n165e,52006,28.89363
165.0,8.0,2015-05-31T12:00:00Z,8n165e,52006,29.14238
190.0,8.0,2015-05-23T12:00:00Z,8n170w,51309,NaN
190.0,8.0,2015-05-24T12:00:00Z,8n170w,51309,NaN
190.0,8.0,2015-05-25T12:00:00Z,8n170w,51309,NaN
190.0,8.0,2015-05-26T12:00:00Z,8n170w,51309,NaN
190.0,8.0,2015-05-27T12:00:00Z,8n170w,51309,NaN
190.0,8.0,2015-05-28T12:00:00Z,8n170w,51309,NaN
190.0,8.0,2015-05-29T12:00:00Z,8n170w,51309,NaN
190.0,8.0,2015-05-30T12:00:00Z,8n170w,51309,NaN
190.0,8.0,2015-05-31T12:00:00Z,8n170w,51309,NaN
180.0,8.0,2015-05-23T12:00:00Z,8n180w,52315,NaN
180.0,8.0,2015-05-24T12:00:00Z,8n180w,52315,NaN
180.0,8.0,2015-05-25T12:00:00Z,8n180w,52315,NaN
180.0,8.0,2015-05-26T12:00:00Z,8n180w,52315,NaN
180.0,8.0,2015-05-27T12:00:00Z,8n180w,52315,NaN
180.0,8.0,2015-05-28T12:00:00Z,8n180w,52315,NaN
180.0,8.0,2015-05-29T12:00:00Z,8n180w,52315,NaN
180.0,8.0,2015-05-30T12:00:00Z,8n180w,52315,NaN
180.0,8.0,2015-05-31T12:00:00Z,8n180w,52315,NaN
322.0,8.0,2015-05-23T12:00:00Z,8n38w,13009,26.77
322.0,8.0,2015-05-24T12:00:00Z,8n38w,13009,26.75
322.0,8.0,2015-05-25T12:00:00Z,8n38w,13009,26.67
322.0,8.0,2015-05-26T12:00:00Z,8n38w,13009,26.61
322.0,8.0,2015-05-27T12:00:00Z,8n38w,13009,26.61
322.0,8.0,2015-05-28T12:00:00Z,8n38w,13009,26.66
322.0,8.0,2015-05-29T12:00:00Z,8n38w,13009,26.72
322.0,8.0,2015-05-30T12:00:00Z,8n38w,13009,26.76
322.0,8.0,2015-05-31T12:00:00Z,8n38w,13009,26.84
90.0,8.0,2015-05-23T12:00:00Z,8n90e,23007,29.76
90.0,8.0,2015-05-24T12:00:00Z,8n90e,23007,29.69
90.0,8.0,2015-05-25T12:00:00Z,8n90e,23007,29.65
90.0,8.0,2015-05-26T12:00:00Z,8n90e,23007,29.62
90.0,8.0,2015-05-27T12:00:00Z,8n90e,23007,29.51
90.0,8.0,2015-05-28T12:00:00Z,8n90e,23007,29.59
90.0,8.0,2015-05-29T12:00:00Z,8n90e,23007,29.65
90.0,8.0,2015-05-30T12:00:00Z,8n90e,23007,29.3
90.0,8.0,2015-05-31T12:00:00Z,8n90e,23007,29.41
265.0,8.0,2015-05-23T12:00:00Z,8n95w,43301,30.430775
265.0,8.0,2015-05-24T12:00:00Z,8n95w,43301,30.270754
265.0,8.0,2015-05-25T12:00:00Z,8n95w,43301,30.187492
265.0,8.0,2015-05-26T12:00:00Z,8n95w,43301,30.101814
265.0,8.0,2015-05-27T12:00:00Z,8n95w,43301,29.801735
265.0,8.0,2015-05-28T12:00:00Z,8n95w,43301,29.971691
265.0,8.0,2015-05-29T12:00:00Z,8n95w,43301,30.188854
265.0,8.0,2015-05-30T12:00:00Z,8n95w,43301,30.162073
265.0,8.0,2015-05-31T12:00:00Z,8n95w,43301,30.180037
250.0,-8.0,2015-05-23T12:00:00Z,8s110w,32319,26.857582
250.0,-8.0,2015-05-24T12:00:00Z,8s110w,32319,26.841312
250.0,-8.0,2015-05-25T12:00:00Z,8s110w,32319,26.811367
250.0,-8.0,2015-05-26T12:00:00Z,8s110w,32319,26.783201
250.0,-8.0,2015-05-27T12:00:00Z,8s110w,32319,26.767195
250.0,-8.0,2015-05-28T12:00:00Z,8s110w,32319,26.721415
250.0,-8.0,2015-05-29T12:00:00Z,8s110w,32319,26.705656
250.0,-8.0,2015-05-30T12:00:00Z,8s110w,32319,26.70642
250.0,-8.0,2015-05-31T12:00:00Z,8s110w,32319,26.724936
235.0,-8.0,2015-05-23T12:00:00Z,8s125w,51308,27.48741
235.0,-8.0,2015-05-24T12:00:00Z,8s125w,51308,27.47406
235.0,-8.0,2015-05-25T12:00:00Z,8s125w,51308,27.445356
235.0,-8.0,2015-05-26T12:00:00Z,8s125w,51308,27.45758
235.0,-8.0,2015-05-27T12:00:00Z,8s125w,51308,27.478914
235.0,-8.0,2015-05-28T12:00:00Z,8s125w,51308,27.451162
235.0,-8.0,2015-05-29T12:00:00Z,8s125w,51308,27.425943
235.0,-8.0,2015-05-30T12:00:00Z,8s125w,51308,27.411915
235.0,-8.0,2015-05-31T12:00:00Z,8s125w,51308,27.378012
205.0,-8.0,2015-05-23T12:00:00Z,8s155w,51302,29.208204
205.0,-8.0,2015-05-24T12:00:00Z,8s155w,51302,29.3062
205.0,-8.0,2015-05-25T12:00:00Z,8s155w,51302,29.31952
205.0,-8.0,2015-05-26T12:00:00Z,8s155w,51302,29.278685
205.0,-8.0,2015-05-27T12:00:00Z,8s155w,51302,29.179659
205.0,-8.0,2015-05-28T12:00:00Z,8s155w,51302,29.175411
205.0,-8.0,2015-05-29T12:00:00Z,8s155w,51302,29.216343
205.0,-8.0,2015-05-30T12:00:00Z,8s155w,51302,29.172398
205.0,-8.0,2015-05-31T12:00:00Z,8s155w,51302,29.149233
165.0,-8.0,2015-05-23T12:00:00Z,8s165e,52007,NaN
165.0,-8.0,2015-05-24T12:00:00Z,8s165e,52007,NaN
165.0,-8.0,2015-05-25T12:00:00Z,8s165e,52007,NaN
165.0,-8.0,2015-05-26T12:00:00Z,8s165e,52007,NaN
165.0,-8.0,2015-05-27T12:00:00Z,8s165e,52007,NaN
165.0,-8.0,2015-05-28T12:00:00Z,8s165e,52007,NaN
165.0,-8.0,2015-05-29T12:00:00Z,8s165e,52007,NaN
165.0,-8.0,2015-05-30T12:00:00Z,8s165e,52007,NaN
165.0,-8.0,2015-05-31T12:00:00Z,8s165e,52007,NaN
190.0,-8.0,2015-05-23T12:00:00Z,8s170w,51310,30.090807
190.0,-8.0,2015-05-24T12:00:00Z,8s170w,51310,30.11114
190.0,-8.0,2015-05-25T12:00:00Z,8s170w,51310,30.15113
190.0,-8.0,2015-05-26T12:00:00Z,8s170w,51310,30.1602
190.0,-8.0,2015-05-27T12:00:00Z,8s170w,51310,30.119282
190.0,-8.0,2015-05-28T12:00:00Z,8s170w,51310,30.0546
190.0,-8.0,2015-05-29T12:00:00Z,8s170w,51310,30.139557
190.0,-8.0,2015-05-30T12:00:00Z,8s170w,51310,30.373476
190.0,-8.0,2015-05-31T12:00:00Z,8s170w,51310,30.165373
180.0,-8.0,2015-05-23T12:00:00Z,8s180w,52316,30.070572
180.0,-8.0,2015-05-24T12:00:00Z,8s180w,52316,30.134714
180.0,-8.0,2015-05-25T12:00:00Z,8s180w,52316,30.086193
180.0,-8.0,2015-05-26T12:00:00Z,8s180w,52316,30.030846
180.0,-8.0,2015-05-27T12:00:00Z,8s180w,52316,30.087162
180.0,-8.0,2015-05-28T12:00:00Z,8s180w,52316,30.126287
180.0,-8.0,2015-05-29T12:00:00Z,8s180w,52316,30.026325
180.0,-8.0,2015-05-30T12:00:00Z,8s180w,52316,30.118835
180.0,-8.0,2015-05-31T12:00:00Z,8s180w,52316,30.324085
330.0,-8.0,2015-05-23T12:00:00Z,8s30w,31003,28.41
330.0,-8.0,2015-05-24T12:00:00Z,8s30w,31003,28.39
330.0,-8.0,2015-05-25T12:00:00Z,8s30w,31003,28.38
330.0,-8.0,2015-05-26T12:00:00Z,8s30w,31003,28.34
330.0,-8.0,2015-05-27T12:00:00Z,8s30w,31003,28.33
330.0,-8.0,2015-05-28T12:00:00Z,8s30w,31003,28.36
330.0,-8.0,2015-05-29T12:00:00Z,8s30w,31003,28.3
330.0,-8.0,2015-05-30T12:00:00Z,8s30w,31003,28.29
330.0,-8.0,2015-05-31T12:00:00Z,8s30w,31003,28.3
55.0,-8.0,2015-05-23T12:00:00Z,8s55e,14041,NaN
55.0,-8.0,2015-05-24T12:00:00Z,8s55e,14041,NaN
55.0,-8.0,2015-05-25T12:00:00Z,8s55e,14041,NaN
55.0,-8.0,2015-05-26T12:00:00Z,8s55e,14041,NaN
55.0,-8.0,2015-05-27T12:00:00Z,8s55e,14041,NaN
55.0,-8.0,2015-05-28T12:00:00Z,8s55e,14041,NaN
55.0,-8.0,2015-05-29T12:00:00Z,8s55e,14041,NaN
55.0,-8.0,2015-05-30T12:00:00Z,8s55e,14041,NaN
55.0,-8.0,2015-05-31T12:00:00Z,8s55e,14041,NaN
67.0,-8.0,2015-05-23T12:00:00Z,8s67e,14040,NaN
67.0,-8.0,2015-05-24T12:00:00Z,8s67e,14040,NaN
67.0,-8.0,2015-05-25T12:00:00Z,8s67e,14040,NaN
67.0,-8.0,2015-05-26T12:00:00Z,8s67e,14040,NaN
67.0,-8.0,2015-05-27T12:00:00Z,8s67e,14040,NaN
67.0,-8.0,2015-05-28T12:00:00Z,8s67e,14040,NaN
67.0,-8.0,2015-05-29T12:00:00Z,8s67e,14040,NaN
67.0,-8.0,2015-05-30T12:00:00Z,8s67e,14040,NaN
67.0,-8.0,2015-05-31T12:00:00Z,8s67e,14040,NaN
80.5,-8.0,2015-05-23T12:00:00Z,8s80.5e,53005,NaN
80.5,-8.0,2015-05-24T12:00:00Z,8s80.5e,53005,NaN
80.5,-8.0,2015-05-25T12:00:00Z,8s80.5e,53005,NaN
80.5,-8.0,2015-05-26T12:00:00Z,8s80.5e,53005,NaN
80.5,-8.0,2015-05-27T12:00:00Z,8s80.5e,53005,NaN
80.5,-8.0,2015-05-28T12:00:00Z,8s80.5e,53005,NaN
80.5,-8.0,2015-05-29T12:00:00Z,8s80.5e,53005,NaN
80.5,-8.0,2015-05-30T12:00:00Z,8s80.5e,53005,NaN
80.5,-8.0,2015-05-31T12:00:00Z,8s80.5e,53005,NaN
95.0,-8.0,2015-05-23T12:00:00Z,8s95e,53040,NaN
95.0,-8.0,2015-05-24T12:00:00Z,8s95e,53040,NaN
95.0,-8.0,2015-05-25T12:00:00Z,8s95e,53040,NaN
95.0,-8.0,2015-05-26T12:00:00Z,8s95e,53040,NaN
95.0,-8.0,2015-05-27T12:00:00Z,8s95e,53040,NaN
95.0,-8.0,2015-05-28T12:00:00Z,8s95e,53040,NaN
95.0,-8.0,2015-05-29T12:00:00Z,8s95e,53040,NaN
95.0,-8.0,2015-05-30T12:00:00Z,8s95e,53040,NaN
95.0,-8.0,2015-05-31T12:00:00Z,8s95e,53040,NaN
265.0,-8.0,2015-05-23T12:00:00Z,8s95w,32305,26.976645
265.0,-8.0,2015-05-24T12:00:00Z,8s95w,32305,26.94276
265.0,-8.0,2015-05-25T12:00:00Z,8s95w,32305,26.925127
265.0,-8.0,2015-05-26T12:00:00Z,8s95w,32305,26.87696
265.0,-8.0,2015-05-27T12:00:00Z,8s95w,32305,26.845951
265.0,-8.0,2015-05-28T12:00:00Z,8s95w,32305,26.82643
265.0,-8.0,2015-05-29T12:00:00Z,8s95w,32305,26.811134
265.0,-8.0,2015-05-30T12:00:00Z,8s95w,32305,26.81358
265.0,-8.0,2015-05-31T12:00:00Z,8s95w,32305,26.806997
220.0,9.0,2015-05-23T12:00:00Z,9n140w,51006,28.096346
220.0,9.0,2015-05-24T12:00:00Z,9n140w,51006,27.963236
220.0,9.0,2015-05-25T12:00:00Z,9n140w,51006,28.127039
220.0,9.0,2015-05-26T12:00:00Z,9n140w,51006,28.579967
220.0,9.0,2015-05-27T12:00:00Z,9n140w,51006,28.486664
220.0,9.0,2015-05-28T12:00:00Z,9n140w,51006,28.556252
220.0,9.0,2015-05-29T12:00:00Z,9n140w,51006,28.388733
220.0,9.0,2015-05-30T12:00:00Z,9n140w,51006,28.17445
220.0,9.0,2015-05-31T12:00:00Z,9n140w,51006,28.03953
